utc,universe_id,ccu,charts
2026-10-10T00:43:55Z,10563114921,1480781,te mp pn
2026-10-10T00:43:55Z,6035872082,194948,te mp pn
2026-10-10T00:43:55Z,383310974,259016,te mp pn tt
2026-10-10T00:43:55Z,994732206,187241,te mp pn
2026-10-10T00:43:55Z,5569032992,239100,te mp pn tt
2026-10-10T00:43:55Z,5595353122,69939,te mp pn
2026-10-10T00:43:55Z,4777817887,16079,te mp pn
2026-10-10T00:43:55Z,1686885941,479620,te mp pn
2026-10-10T00:43:55Z,66654135,224525,te mp pn
2026-10-10T00:43:55Z,7326934954,216092,te mp pn tt
2026-10-10T00:43:55Z,9584852943,97184,te mp pn
2026-10-10T00:43:55Z,3508322461,180028,te mp pn tt
2026-10-10T00:43:55Z,5750914919,73332,te mp pn tt
2026-10-10T00:43:55Z,5203828273,61706,te mp pn
2026-10-10T00:43:55Z,10765012427,16561,te mp pn
2026-10-10T00:43:55Z,10035204815,79546,te mp pn
2026-10-10T00:43:55Z,7709344486,93451,te mp pn
2026-10-10T00:43:55Z,3317771874,41925,te pn
2026-10-10T00:43:55Z,6331902150,67281,te mp pn
2026-10-10T00:43:55Z,2440500124,48283,te mp pn tt
2026-10-10T00:43:55Z,6931042565,59217,te mp pn tt
2026-10-10T00:43:55Z,10684750879,35041,te mp pn
2026-10-10T00:43:55Z,10732236937,14574,te pn
2026-10-10T00:43:55Z,5995470825,31404,te mp pn
2026-10-10T00:43:55Z,10148749921,37288,te mp pn
2026-10-10T00:43:55Z,88070565,30897,te pn
2026-10-10T00:43:55Z,2619619496,39142,te mp pn
2026-10-10T00:43:55Z,10764627709,124490,te mp pn tt uc
2026-10-10T00:43:55Z,9534705677,19751,te mp pn tt
2026-10-10T00:43:55Z,10708913337,54140,te mp pn
2026-10-10T00:43:55Z,1176784616,24772,te pn
2026-10-10T00:43:55Z,10685282333,46847,te mp pn tt
2026-10-10T00:43:55Z,10258991999,20093,te mp pn
2026-10-10T00:43:55Z,3808081382,61202,te mp pn
2026-10-10T00:43:55Z,3990106548,8057,te
2026-10-10T00:43:55Z,10436530264,23179,te pn tt
2026-10-10T00:43:55Z,1831550657,29341,te pn
2026-10-10T00:43:55Z,648454481,16921,te pn
2026-10-10T00:43:55Z,1516533665,20221,te mp pn
2026-10-10T00:43:55Z,10173311467,10556,te mp
2026-10-10T00:43:55Z,578392296,17523,te pn
2026-10-10T00:43:55Z,10765298801,46855,te mp pn tt uc
2026-10-10T00:43:55Z,1235188606,9145,te
2026-10-10T00:43:55Z,3541611379,6015,te
2026-10-10T00:43:55Z,10756011174,14604,te mp pn
2026-10-10T00:43:55Z,9837612476,8189,te
2026-10-10T00:43:55Z,7585140258,18066,te mp pn
2026-10-10T00:43:55Z,10737656087,7110,te
2026-10-10T00:43:55Z,4750561026,7722,te
2026-10-10T00:43:55Z,903807016,8325,te
2026-10-10T00:43:55Z,1202096104,32237,te mp pn
2026-10-10T00:43:55Z,184199275,23334,te pn
2026-10-10T00:43:55Z,9891331827,4491,te
2026-10-10T00:43:55Z,7219654364,85239,te mp pn
2026-10-10T00:43:55Z,10282097014,15569,te pn tt uc
2026-10-10T00:43:55Z,3647333358,35281,te mp pn
2026-10-10T00:43:55Z,9855761734,9140,te
2026-10-10T00:43:55Z,10261267004,11472,te
2026-10-10T00:43:55Z,9931749389,8024,te
2026-10-10T00:43:55Z,7436755782,18592,te mp pn
2026-10-10T00:43:55Z,10667357873,7925,te tt
2026-10-10T00:43:55Z,1526814825,7184,te
2026-10-10T00:43:55Z,10765288803,103015,te mp pn tt uc
2026-10-10T00:43:55Z,10700618962,10022,te
2026-10-10T00:43:55Z,6765805766,25003,te pn
2026-10-10T00:43:55Z,6749060816,6724,te
2026-10-10T00:43:55Z,4658598196,13799,te
2026-10-10T00:43:55Z,7008097940,12035,te
2026-10-10T00:43:55Z,4673599750,6382,te
2026-10-10T00:43:55Z,7633926880,6127,te tt
2026-10-10T00:43:55Z,7028566528,12546,te
2026-10-10T00:43:55Z,6325068386,19595,te pn
2026-10-10T00:43:55Z,1016936714,5589,te
2026-10-10T00:43:55Z,8719555347,22844,te mp pn
2026-10-10T00:43:55Z,10624691669,10739,te mp
2026-10-10T00:43:55Z,6701277882,72764,te pn
2026-10-10T00:43:55Z,7089588429,18880,te mp pn
2026-10-10T00:43:55Z,7264587281,5715,te
2026-10-10T00:43:55Z,601130232,26482,te pn
2026-10-10T00:43:55Z,10643795368,4294,te
2026-10-10T00:43:55Z,321778215,8262,te
2026-10-10T00:43:55Z,2682938349,4855,te
2026-10-10T00:43:55Z,850110028,5009,te
2026-10-10T00:43:55Z,1525626450,6789,te
2026-10-10T00:43:55Z,5361032378,31866,te pn
2026-10-10T00:43:55Z,4991126644,1686,te
2026-10-10T00:43:55Z,10512942223,37065,te pn tt uc
2026-10-10T00:43:55Z,371263894,6660,te
2026-10-10T00:43:55Z,10741792653,2824,te
2026-10-10T00:43:55Z,2992873140,2363,te
2026-10-10T00:43:55Z,4931927012,5917,te
2026-10-10T00:43:55Z,10004244222,13059,te mp
2026-10-10T00:43:55Z,10155360168,58691,te mp pn
2026-10-10T00:43:55Z,10399136326,15315,te mp pn tt
2026-10-10T00:43:55Z,10636331438,6533,te
2026-10-10T00:43:55Z,1278035280,8142,te
2026-10-10T00:43:55Z,1946714362,2968,te
2026-10-10T00:43:55Z,8520148363,5213,te
2026-10-10T00:43:55Z,6682487255,7017,te
2026-10-10T00:43:55Z,5166944221,6059,te
2026-10-10T00:43:55Z,2783797267,15466,te pn
2026-10-10T00:43:55Z,9641502068,9959,te mp
2026-10-10T00:43:55Z,6760085372,4834,te
2026-10-10T00:43:55Z,2380077519,11248,te
2026-10-10T00:43:55Z,2251388500,2946,te
2026-10-10T00:43:55Z,7395930870,11780,te
2026-10-10T00:43:55Z,10550257968,14484,te mp pn tt
2026-10-10T00:43:55Z,10039889230,4997,te
2026-10-10T00:43:55Z,10231502419,7730,te
2026-10-10T00:43:55Z,9051406594,9155,te
2026-10-10T00:43:55Z,6945584306,13978,te pn
2026-10-10T00:43:55Z,1268927906,6872,te
2026-10-10T00:43:55Z,6061766680,4344,te
2026-10-10T00:43:55Z,10200395747,2797,te
2026-10-10T00:43:55Z,10431718987,3693,te
2026-10-10T00:43:55Z,10681914462,20051,te mp pn
2026-10-10T00:43:55Z,3183403065,2297,te
2026-10-10T00:43:55Z,9978329815,23221,te mp pn tt
2026-10-10T00:43:55Z,3240075297,51262,te mp pn
2026-10-10T00:43:55Z,245662005,7137,te
2026-10-10T00:43:55Z,9796898051,11689,te
2026-10-10T00:43:55Z,10532995815,4053,te
2026-10-10T00:43:55Z,4839802560,41933,te mp pn
2026-10-10T00:43:55Z,9872734936,4983,te
2026-10-10T00:43:55Z,7108384194,10806,te
2026-10-10T00:43:55Z,3012965062,6279,te tt
2026-10-10T00:43:55Z,10748543623,3038,te
2026-10-10T00:43:55Z,10766812776,5275,te uc
2026-10-10T00:43:55Z,3936365689,1642,te
2026-10-10T00:43:55Z,10526853622,6626,te
2026-10-10T00:43:55Z,10742937135,4746,te
2026-10-10T00:43:55Z,10764887435,1361,te
2026-10-10T00:43:55Z,3405618667,5891,te
2026-10-10T00:43:55Z,6521100398,31566,te mp pn tt
2026-10-10T00:43:55Z,10766008884,9292,te tt uc
2026-10-10T00:43:55Z,10765582175,12755,te tt
2026-10-10T00:43:55Z,10529769390,6569,te
2026-10-10T00:43:55Z,10246108265,3339,te
2026-10-10T00:43:55Z,6336741296,2749,te
2026-10-10T00:43:55Z,1390601379,2225,te
2026-10-10T00:43:55Z,7883776681,7029,te
2026-10-10T00:43:55Z,10753751277,7231,te
2026-10-10T00:43:55Z,10717002748,2943,te
2026-10-10T00:43:55Z,10440833423,2080,te
2026-10-10T00:43:55Z,7094518649,7106,te
2026-10-10T00:43:55Z,4987856151,5764,te
2026-10-10T00:43:55Z,10634461028,2566,te mp
2026-10-10T00:43:55Z,10740316645,7746,te
2026-10-10T00:43:55Z,10741654282,12369,te
2026-10-10T00:43:55Z,10764533320,5743,te
2026-10-10T00:43:55Z,10759337137,4946,te
2026-10-10T00:43:55Z,210851291,12973,te
2026-10-10T00:43:55Z,9970645639,6023,te
2026-10-10T00:43:55Z,9910245722,3494,te
2026-10-10T00:43:55Z,10552240401,3675,te
2026-10-10T00:43:55Z,9551044479,3520,te
2026-10-10T00:43:55Z,10762388019,7839,te mp
2026-10-10T00:43:55Z,10577588270,2427,te
2026-10-10T00:43:55Z,10759638075,5862,te
2026-10-10T00:43:55Z,4568630521,6203,te
2026-10-10T00:43:55Z,1802741133,2401,te
2026-10-10T00:43:55Z,10321202755,6716,te
2026-10-10T00:43:55Z,9880286438,6290,te
2026-10-10T00:43:55Z,10766056678,26690,te mp pn tt uc
2026-10-10T00:43:55Z,10675117523,13006,te
2026-10-10T00:43:55Z,5650396773,9111,te
2026-10-10T00:43:55Z,2527789729,2839,te
2026-10-10T00:43:55Z,7265339759,1176,te
2026-10-10T00:43:55Z,8524572339,4089,te
2026-10-10T00:43:55Z,4348829796,9735,te
2026-10-10T00:43:55Z,10230942274,9068,te tt
2026-10-10T00:43:55Z,6174994284,3168,te
2026-10-10T00:43:55Z,2788648141,1932,te
2026-10-10T00:43:55Z,6726637224,3664,te
2026-10-10T00:43:55Z,10762757054,6618,te mp
2026-10-10T00:43:55Z,10673920146,26091,te mp pn tt
2026-10-10T00:43:55Z,9561553764,13934,te mp pn
2026-10-10T00:43:55Z,10648640958,4445,te
2026-10-10T00:43:55Z,10765686447,16212,te mp pn tt
2026-10-10T00:43:55Z,3110388936,2438,te
2026-10-10T00:43:55Z,10761687472,10966,te mp
2026-10-10T00:43:55Z,4420562665,12180,te
2026-10-10T00:43:55Z,10541331578,1304,te
2026-10-10T00:43:55Z,10765013362,8131,te
2026-10-10T00:43:55Z,4730278139,12377,te
2026-10-10T00:43:55Z,7673659635,3868,te
2026-10-10T00:43:55Z,6504986360,6677,te
2026-10-10T00:43:55Z,1451439645,6131,te
2026-10-10T00:43:55Z,10430019389,4762,te
2026-10-10T00:43:55Z,703124385,12288,te mp
2026-10-10T00:43:55Z,10764897725,15115,te mp pn
2026-10-10T00:43:55Z,1494262959,2452,te
2026-10-10T00:43:55Z,10424107160,3713,te
2026-10-10T00:43:55Z,10765091041,3996,te uc
2026-10-10T00:43:55Z,5422546686,3872,te
2026-10-10T00:43:55Z,5026122481,4276,te
2026-10-10T00:43:55Z,65241,10326,te mp
2026-10-10T00:43:55Z,985731078,2978,te
2026-10-10T00:43:55Z,7703614594,5016,te
2026-10-10T00:43:55Z,10552540426,1303,te
2026-10-10T00:43:55Z,31970568,3464,te
2026-10-10T00:43:55Z,6385532960,3613,te
2026-10-10T00:43:55Z,10766721625,18369,te mp pn tt uc
2026-10-10T00:43:55Z,3164075108,3097,te
2026-10-10T00:43:55Z,9656201728,1282,te
2026-10-10T00:43:55Z,8640389608,361,te
2026-10-10T00:43:55Z,7018190066,17751,te pn
2026-10-10T00:43:55Z,9167377564,15726,te mp pn
2026-10-10T00:43:55Z,10268960646,2640,te
2026-10-10T00:43:55Z,10144280947,7890,te mp
2026-10-10T00:43:55Z,10371406677,4024,te
2026-10-10T00:43:55Z,9582986239,3212,te
2026-10-10T00:43:55Z,10572887321,3186,te
2026-10-10T00:43:55Z,10765950109,3761,te
2026-10-10T00:43:55Z,10199301628,8402,te
2026-10-10T00:43:55Z,8618660961,1393,te
2026-10-10T00:43:55Z,2936053166,14514,te mp pn
2026-10-10T00:43:55Z,10415845204,2660,te
2026-10-10T00:43:55Z,1271059807,2273,te
2026-10-10T00:43:55Z,10475794799,3431,te
2026-10-10T00:43:55Z,6774320049,18469,te mp pn
2026-10-10T00:43:55Z,9788139379,3368,te
2026-10-10T00:43:55Z,10648555380,240,te
2026-10-10T00:43:55Z,10765167636,3129,te
2026-10-10T00:43:55Z,10628526114,2605,te
2026-10-10T00:43:55Z,10031562156,3194,te
2026-10-10T00:43:55Z,9348272796,7399,te
2026-10-10T00:43:55Z,7970033072,1625,te
2026-10-10T00:43:55Z,6739698191,37280,te mp pn
2026-10-10T00:43:55Z,10764479526,3795,te
2026-10-10T00:43:55Z,7613921865,5798,te
2026-10-10T00:43:55Z,9662130710,2969,te
2026-10-10T00:43:55Z,1008451066,3046,te
2026-10-10T00:43:55Z,10539411000,10141,te
2026-10-10T00:43:55Z,4983034985,7965,te
2026-10-10T00:43:55Z,21164849,4925,te
2026-10-10T00:43:55Z,9950184599,1639,te
2026-10-10T00:43:55Z,9312646406,2583,te
2026-10-10T00:43:55Z,274816972,2502,te
2026-10-10T00:43:55Z,1054526971,4408,te
2026-10-10T00:43:55Z,7143545906,939,te
2026-10-10T00:43:55Z,8841437826,2100,te
2026-10-10T00:43:55Z,9885372266,12625,te
2026-10-10T00:43:55Z,7488668004,9674,te
2026-10-10T00:43:55Z,113491250,2861,te
2026-10-10T00:43:55Z,4457060041,353,te
2026-10-10T00:43:55Z,2668101271,31563,te mp pn
2026-10-10T00:43:55Z,7629331599,4946,te
2026-10-10T00:43:55Z,547524060,6795,te
2026-10-10T00:43:55Z,4949420752,33920,te mp pn
2026-10-10T00:43:55Z,9735583968,3166,te
2026-10-10T00:43:55Z,4342047058,10451,te
2026-10-10T00:43:55Z,10504918958,1695,te
2026-10-10T00:43:55Z,4793836769,3289,te
2026-10-10T00:43:55Z,10761143648,496,te
2026-10-10T00:43:55Z,10765190004,5342,te
2026-10-10T00:43:55Z,6593476325,2488,te
2026-10-10T00:43:55Z,10116272705,9785,te
2026-10-10T00:43:55Z,10124403207,1179,te
2026-10-10T00:43:55Z,2822776643,6846,te
2026-10-10T00:43:55Z,10739044772,2187,te
2026-10-10T00:43:55Z,10533638982,1418,te
2026-10-10T00:43:55Z,9826885587,4895,te
2026-10-10T00:43:55Z,7761516673,1083,te
2026-10-10T00:43:55Z,73885730,8855,te
2026-10-10T00:43:55Z,10762636904,7525,te
2026-10-10T00:43:55Z,8829204428,1810,te
2026-10-10T00:43:55Z,47545,4698,te
2026-10-10T00:43:55Z,10763764817,8819,te mp
2026-10-10T00:43:55Z,2309918273,1351,te
2026-10-10T00:43:55Z,10144587520,4277,te
2026-10-10T00:43:55Z,5026970880,2716,te
2026-10-10T00:43:55Z,10561166339,11900,te tt
2026-10-10T00:43:55Z,6048923315,1226,te
2026-10-10T00:43:55Z,3747388906,2619,te
2026-10-10T00:43:55Z,7934320560,1723,te
2026-10-10T00:43:55Z,10310999762,4320,te
2026-10-10T00:43:55Z,10761375767,4431,te
2026-10-10T00:43:55Z,10031505426,4406,te
2026-10-10T00:43:55Z,10452740285,2103,te
2026-10-10T00:43:55Z,8198412649,1353,te
2026-10-10T00:43:55Z,10762175328,224,te
2026-10-10T00:43:55Z,7661378108,1000,te
2026-10-10T00:43:55Z,4497460596,1271,te
2026-10-10T00:43:55Z,1511883870,3903,te
2026-10-10T00:43:55Z,1742264997,1621,te
2026-10-10T00:43:55Z,9491545867,9672,te tt
2026-10-10T00:43:55Z,10138624079,8888,te tt
2026-10-10T00:43:55Z,4778845442,3621,te
2026-10-10T00:43:55Z,10309128556,1048,te
2026-10-10T00:43:55Z,3308103880,8581,te
2026-10-10T00:43:55Z,10765708310,607,te
2026-10-10T00:43:55Z,7738524573,4054,te
2026-10-10T00:43:55Z,9073513091,2071,te
2026-10-10T00:43:55Z,4938220315,1192,te
2026-10-10T00:43:55Z,6858584271,1619,te
2026-10-10T00:43:55Z,2350840700,842,te
2026-10-10T00:43:55Z,10338952197,4611,te
2026-10-10T00:43:55Z,540382210,1890,te
2026-10-10T00:43:55Z,9908641400,7552,te
2026-10-10T00:43:55Z,2862098693,2693,te
2026-10-10T00:43:55Z,1782832995,8324,te
2026-10-10T00:43:55Z,7450497506,2851,te
2026-10-10T00:43:55Z,6161049307,3419,te
2026-10-10T00:43:55Z,10393438342,3187,te
2026-10-10T00:43:55Z,10608856704,5187,te mp tt
2026-10-10T00:43:55Z,98929893,1922,te
2026-10-10T00:43:55Z,9112256336,917,te
2026-10-10T00:43:55Z,10411998017,2305,te
2026-10-10T00:43:55Z,6786784563,1710,te
2026-10-10T00:43:55Z,10593319486,620,te
2026-10-10T00:43:55Z,10739137760,8080,te
2026-10-10T00:43:55Z,10765751583,2214,te tt
2026-10-10T00:43:55Z,10767408330,14930,te pn tt uc
2026-10-10T00:43:55Z,10501944811,1746,te
2026-10-10T00:43:55Z,10765279487,1843,te
2026-10-10T00:43:55Z,6375110339,1952,te
2026-10-10T00:43:55Z,10759430423,2944,te
2026-10-10T00:43:55Z,10249209189,876,te
2026-10-10T00:43:55Z,3837114739,989,te
2026-10-10T00:43:55Z,7274244096,5612,te
2026-10-10T00:43:55Z,10767582899,4694,te
2026-10-10T00:43:55Z,10195997258,1692,te
2026-10-10T00:43:55Z,10075660664,292,te
2026-10-10T00:43:55Z,372226183,28591,te mp pn
2026-10-10T00:43:55Z,10765902945,5911,te
2026-10-10T00:43:55Z,9098570654,7030,te
2026-10-10T00:43:55Z,6215986499,634,te
2026-10-10T00:43:55Z,9765324104,1516,te
2026-10-10T00:43:55Z,8964956538,3023,te
2026-10-10T00:43:55Z,97314177,2253,te
2026-10-10T00:43:55Z,3734304510,2329,te
2026-10-10T00:43:55Z,10698216738,3885,te
2026-10-10T00:43:55Z,5125369493,1771,te
2026-10-10T00:43:55Z,3730079862,5581,te
2026-10-10T00:43:55Z,4582358979,1663,te
2026-10-10T00:43:55Z,9317784977,1515,te
2026-10-10T00:43:55Z,10209534490,2666,te
2026-10-10T00:43:55Z,10759478428,4002,te
2026-10-10T00:43:55Z,10765153945,7012,te mp tt uc
2026-10-10T00:43:55Z,10226261982,3793,te
2026-10-10T00:43:55Z,9362896961,3030,te
2026-10-10T00:43:55Z,10765579304,909,te
2026-10-10T00:43:55Z,10631775021,3028,te
2026-10-10T00:43:55Z,10057343903,2738,te
2026-10-10T00:43:55Z,10445832507,834,te
2026-10-10T00:43:55Z,6505338302,5821,te
2026-10-10T00:43:55Z,10759594563,2810,te
2026-10-10T00:43:55Z,10765067592,5744,te
2026-10-10T00:43:55Z,10566677406,3715,te
2026-10-10T00:43:55Z,10187294555,2788,te
2026-10-10T00:43:55Z,10766494202,915,te
2026-10-10T00:43:55Z,10761375938,1746,te
2026-10-10T00:43:55Z,2471084,5837,te
2026-10-10T00:43:55Z,10455462279,4151,te
2026-10-10T00:43:55Z,9940812243,2584,te
2026-10-10T00:43:55Z,10767240772,5803,te uc
2026-10-10T00:43:55Z,10404519332,1931,te
2026-10-10T00:43:55Z,911750776,3026,te
2026-10-10T00:43:55Z,9363735110,4115,te
2026-10-10T00:43:55Z,10439568447,3854,te
2026-10-10T00:43:55Z,6443367640,7443,te
2026-10-10T00:43:55Z,10612017628,2757,te
2026-10-10T00:43:55Z,6100103590,899,te
2026-10-10T00:43:55Z,4540138978,11646,te
2026-10-10T00:43:55Z,10336278580,2037,te
2026-10-10T00:43:55Z,3457700596,2830,te
2026-10-10T00:43:55Z,7960300951,4189,te
2026-10-10T00:43:55Z,10764839604,5272,te
2026-10-10T00:43:55Z,10410945205,3002,te
2026-10-10T00:43:55Z,10765122642,5630,te
2026-10-10T00:43:55Z,10310563053,4433,te
2026-10-10T00:43:55Z,10502841145,9669,te
2026-10-10T00:43:55Z,5576955991,1498,te
2026-10-10T00:43:55Z,4165164803,9404,te
2026-10-10T00:43:55Z,4193032947,1383,te
2026-10-10T00:43:55Z,10701628624,10435,te mp tt
2026-10-10T00:43:55Z,10514223296,1837,te
2026-10-10T00:43:55Z,10648820673,8036,te
2026-10-10T00:43:55Z,5265857965,5557,te
2026-10-10T00:43:55Z,10069043526,2322,te
2026-10-10T00:43:55Z,5272606478,1680,te
2026-10-10T00:43:55Z,10471583973,1708,te
2026-10-10T00:43:55Z,10765906597,3777,te uc
2026-10-10T00:43:55Z,7884563721,1631,te
2026-10-10T00:43:55Z,9949288829,1285,te
2026-10-10T00:43:55Z,4130569984,3820,te
2026-10-10T00:43:55Z,3808223175,1483,te
2026-10-10T00:43:55Z,10389762549,1198,te
2026-10-10T00:43:55Z,10223976219,3344,te
2026-10-10T00:43:55Z,9324081218,153,te
2026-10-10T00:43:55Z,4263576532,1722,te
2026-10-10T00:43:55Z,7843413523,1975,te
2026-10-10T00:43:55Z,7750955984,1110,te
2026-10-10T00:43:55Z,8906870648,1298,te
2026-10-10T00:43:55Z,10761884278,293,te
2026-10-10T00:43:55Z,110181652,1970,te
2026-10-10T00:43:55Z,7787359931,1404,te
2026-10-10T00:43:55Z,2139712082,582,te
2026-10-10T00:43:55Z,10263732883,2050,te
2026-10-10T00:43:55Z,3873871110,1980,te
2026-10-10T00:43:55Z,10737231383,2051,te
2026-10-10T00:43:55Z,10485201326,2147,te
2026-10-10T00:43:55Z,6770632849,970,te
2026-10-10T00:43:55Z,10768176407,6417,te uc
2026-10-10T00:43:55Z,10460801145,17888,te mp pn
2026-10-10T00:43:55Z,3365661357,950,te
2026-10-10T00:43:55Z,10768023539,24637,te pn tt uc
2026-10-10T00:43:55Z,9150731899,1397,te
2026-10-10T00:43:55Z,10764404786,935,te
2026-10-10T00:43:55Z,605887098,2930,te
2026-10-10T00:43:55Z,4723764956,19711,te pn
2026-10-10T00:43:55Z,10298144467,1731,te
2026-10-10T00:43:55Z,6751447237,2516,te
2026-10-10T00:43:55Z,10766349481,2730,te
2026-10-10T00:43:55Z,10769043472,1392,te
2026-10-10T00:43:55Z,6466404775,3353,te
2026-10-10T00:43:55Z,10390151142,1677,te
2026-10-10T00:43:55Z,9067189974,3727,te
2026-10-10T00:43:55Z,3419284255,2616,te
2026-10-10T00:43:55Z,5091490171,2709,te
2026-10-10T00:43:55Z,4925331346,3834,te
2026-10-10T00:43:55Z,10757704931,2156,te
2026-10-10T00:43:55Z,10593482707,3286,te
2026-10-10T00:43:55Z,9141743926,3750,te
2026-10-10T00:43:55Z,7474367816,4591,te
2026-10-10T00:43:55Z,5812546130,660,te
2026-10-10T00:43:55Z,98839997,533,te
2026-10-10T00:43:55Z,9296042754,6109,te
2026-10-10T00:43:55Z,9382839773,1684,te
2026-10-10T00:43:55Z,6619936488,1776,te
2026-10-10T00:43:55Z,4263371487,1139,te
2026-10-10T00:43:55Z,9996384072,1348,te
2026-10-10T00:43:55Z,7665084235,458,te
2026-10-10T00:43:55Z,8246907060,927,te
2026-10-10T00:43:55Z,10761200080,1264,te
2026-10-10T00:43:55Z,4079077350,711,te
2026-10-10T00:43:55Z,7359962123,3579,te
2026-10-10T00:43:55Z,1531130248,3490,te
2026-10-10T00:43:55Z,9169166771,1393,te
2026-10-10T00:43:55Z,9091734830,810,te
2026-10-10T00:43:55Z,6324644175,5175,te
2026-10-10T00:43:55Z,5972059550,1836,te
2026-10-10T00:43:55Z,10764297006,6297,te
2026-10-10T00:43:55Z,10153098880,1768,te
2026-10-10T00:43:55Z,10766064142,1310,te
2026-10-10T00:43:55Z,10590260635,2780,te
2026-10-10T00:43:55Z,4201418016,412,te
2026-10-10T00:43:55Z,10714746778,7614,te
2026-10-10T00:43:55Z,7332711118,2287,te
2026-10-10T00:43:55Z,10767634248,22149,te mp pn tt uc
2026-10-10T00:43:55Z,10603011269,1183,te
2026-10-10T00:43:55Z,10764883692,752,te
2026-10-10T00:43:55Z,6170143659,4684,te
2026-10-10T00:43:55Z,7058980030,6262,te
2026-10-10T00:43:55Z,7178032757,5116,te
2026-10-10T00:43:55Z,10598688389,3510,te
2026-10-10T00:43:55Z,10376944238,6373,te
2026-10-10T00:43:55Z,4666414595,472,te
2026-10-10T00:43:55Z,4293374620,14014,te mp pn
2026-10-10T00:43:55Z,10767824942,7214,te uc
2026-10-10T00:43:55Z,10553704684,6122,te tt
2026-10-10T00:43:55Z,10759518799,7101,te tt
2026-10-10T00:43:55Z,10324001605,2155,te
2026-10-10T00:43:55Z,10766506199,23655,te mp pn tt uc
2026-10-10T00:43:55Z,10764415267,2589,te
2026-10-10T00:43:55Z,10514280922,836,te
2026-10-10T00:43:55Z,2640407187,3836,te
2026-10-10T00:43:55Z,9815834699,2257,te
2026-10-10T00:43:55Z,10415694629,3749,te
2026-10-10T00:43:55Z,7856039629,9413,te
2026-10-10T00:43:55Z,10529067596,1790,te
2026-10-10T00:43:55Z,8360491918,1251,te
2026-10-10T00:43:55Z,6272727021,2246,te
2026-10-10T00:43:55Z,5829613337,3007,te
2026-10-10T00:43:55Z,6118645803,624,te
2026-10-10T00:43:55Z,10589388621,509,te
2026-10-10T00:43:55Z,2711375305,78477,mp pn
2026-10-10T00:43:55Z,9294074907,19752,mp pn
2026-10-10T00:43:55Z,8178086002,21619,mp pn tt
2026-10-10T00:43:55Z,10744310825,19382,mp pn tt
2026-10-10T00:43:55Z,10767825538,13424,mp tt uc
2026-10-10T00:43:55Z,10765637643,11347,mp tt
2026-10-10T00:43:55Z,7948426536,6218,mp
2026-10-10T00:43:55Z,9296252245,9100,mp
2026-10-10T00:43:55Z,7554119808,24362,mp pn
2026-10-10T00:43:55Z,5283219861,11550,mp
2026-10-10T00:43:55Z,10665420648,10767,mp tt
2026-10-10T00:43:55Z,10764613327,3293,mp tt
2026-10-10T00:43:55Z,10764221401,8846,mp tt
2026-10-10T00:43:55Z,10057403337,9816,mp
2026-10-10T00:43:55Z,10764640833,4589,mp
2026-10-10T00:43:55Z,10278774552,8087,mp tt
2026-10-10T00:43:55Z,10767922762,7869,mp tt uc
2026-10-10T00:43:55Z,10766138478,9541,mp uc
2026-10-10T00:43:55Z,9957338123,5970,mp
2026-10-10T00:43:55Z,10768425253,19269,pn tt uc
2026-10-10T00:43:55Z,8342498724,18164,pn
2026-10-10T00:43:55Z,10768565603,16402,pn tt uc
2026-10-10T00:43:55Z,10767012496,15349,pn tt uc
2026-10-10T00:43:55Z,1852226622,15077,pn
2026-10-10T00:43:55Z,10766725034,9931,tt uc
2026-10-10T00:43:55Z,3945578236,8080,tt
2026-10-10T00:43:55Z,10767380385,12175,tt uc
2026-10-10T00:43:55Z,10766240516,11963,tt uc
2026-10-10T00:43:55Z,10768026334,13034,tt uc
2026-10-10T00:43:55Z,10768316438,10603,tt uc
2026-10-10T00:43:55Z,10765490774,12775,tt uc
2026-10-10T00:43:55Z,5239362765,6554,tt
2026-10-10T00:43:55Z,10767566226,8646,tt uc
2026-10-10T00:43:55Z,10496189928,7250,tt
2026-10-10T00:43:55Z,10308844888,5385,tt uc
2026-10-10T00:43:55Z,7265977477,3224,tt
2026-10-10T00:43:55Z,9825259729,6662,tt
2026-10-10T00:43:55Z,10036955953,3515,tt
2026-10-10T00:43:55Z,10575295323,5232,tt
2026-10-10T00:43:55Z,10767567751,13540,tt uc
2026-10-10T00:43:55Z,10765491459,7699,tt uc
2026-10-10T00:43:55Z,10767138232,4360,tt uc
2026-10-10T00:43:55Z,10478974655,6439,tt
2026-10-10T00:43:55Z,10399174001,7387,tt
2026-10-10T00:43:55Z,10638886777,8225,tt
2026-10-10T00:43:55Z,1000233041,9203,tt
2026-10-10T00:43:55Z,7398552394,8389,tt
2026-10-10T00:43:55Z,1451869528,4088,tt
2026-10-10T00:43:55Z,10737986845,7502,tt
2026-10-10T00:43:55Z,4689722433,6975,tt
2026-10-10T00:43:55Z,6128091457,3952,tt
2026-10-10T00:43:55Z,10764706572,4583,tt
2026-10-10T00:43:55Z,6635513269,8328,tt
2026-10-10T00:43:55Z,9490116046,8010,tt
2026-10-10T00:43:55Z,10764467420,4653,tt
2026-10-10T00:43:55Z,10739112966,9466,tt
2026-10-10T00:43:55Z,10766588474,7573,tt uc
2026-10-10T00:43:55Z,10766395909,5276,tt uc
2026-10-10T00:43:55Z,10766687030,4973,tt uc
2026-10-10T00:43:55Z,10597001332,4769,tt uc
2026-10-10T00:43:55Z,10766845655,5667,tt uc
2026-10-10T00:43:55Z,10766309747,4630,tt uc
2026-10-10T00:43:55Z,10623490839,2310,tt
2026-10-10T00:43:55Z,10768012048,2555,tt uc
2026-10-10T00:43:55Z,10768314358,6645,tt uc
2026-10-10T00:43:55Z,10768428243,3939,tt uc
2026-10-10T00:43:55Z,10741514942,10149,tt
2026-10-10T00:43:55Z,9949148856,5231,tt
2026-10-10T00:43:55Z,8851542818,2111,tt
2026-10-10T00:43:55Z,10769396182,3912,uc
2026-10-10T00:43:55Z,10768012250,5395,uc
2026-10-10T00:43:55Z,10765563835,2925,uc
2026-10-10T00:43:55Z,10765312940,6827,uc
2026-10-10T00:43:55Z,10424350877,2670,uc
2026-10-10T00:43:55Z,10765785152,1820,uc
2026-10-10T00:43:55Z,10765748731,4746,uc
2026-10-10T00:43:55Z,10766142497,2842,uc
2026-10-10T00:43:55Z,10766390665,3226,uc
2026-10-10T00:43:55Z,10767784294,9299,uc
2026-10-10T00:43:55Z,10766945810,2820,uc
2026-10-10T00:43:55Z,10768202113,3597,uc
2026-10-10T00:43:55Z,10766109756,2045,uc
2026-10-10T00:43:55Z,10603675889,5165,uc
2026-10-10T00:43:55Z,10765907187,5606,uc
2026-10-10T00:43:55Z,10765763629,2553,uc
2026-10-10T00:43:55Z,10765541201,3420,uc
2026-10-10T00:43:55Z,10766567836,2360,uc
2026-10-10T00:43:55Z,10766735253,2215,uc
2026-10-10T00:43:55Z,10768351352,1051,uc
2026-10-10T00:43:55Z,10767843332,1574,uc
2026-10-10T00:43:55Z,10764980068,3405,uc
2026-10-10T00:43:55Z,10768172922,4509,uc
2026-10-10T00:43:55Z,10766364164,3963,uc
2026-10-10T00:43:55Z,10767364198,2171,uc
2026-10-10T00:43:55Z,10765618365,2324,uc
2026-10-10T00:43:55Z,10767780358,3584,uc
2026-10-10T00:43:55Z,5578556129,1,
2026-10-10T00:43:55Z,10768462078,1079,
2026-10-10T00:43:55Z,10765629453,638,
2026-10-10T00:43:55Z,10724269636,2031,
2026-10-10T00:43:55Z,9511454418,472,
2026-10-10T00:43:55Z,10463578886,806,
2026-10-10T00:43:55Z,10534873486,5574,
2026-10-10T00:43:55Z,10447234038,620,
2026-10-10T00:43:55Z,10454554751,1425,
2026-10-10T00:43:55Z,5117983607,2062,
2026-10-10T00:43:55Z,10604772590,2505,
2026-10-10T00:43:55Z,9549894418,252,
2026-10-10T00:43:55Z,2851381018,7954,
2026-10-10T00:43:55Z,7996365376,9554,
2026-10-10T00:43:55Z,1769712451,932,
2026-10-10T00:43:55Z,2157233282,1260,
2026-10-10T00:43:55Z,4049246711,10486,
2026-10-10T00:43:55Z,10649255304,4685,
2026-10-10T00:43:55Z,9774451882,2064,
2026-10-10T00:43:55Z,10630800860,13793,
2026-10-10T00:43:55Z,7646154613,2242,
2026-10-10T00:43:55Z,6818915584,1492,
2026-10-10T00:43:55Z,10117986107,1519,
2026-10-10T00:43:55Z,9843234816,1033,
2026-10-10T00:43:55Z,10742198859,660,
2026-10-10T00:43:55Z,10588785840,785,
2026-10-10T00:43:55Z,10574333980,108,
2026-10-10T00:43:55Z,4267277633,2262,
2026-10-10T00:43:55Z,7453941040,3237,
2026-10-10T00:43:55Z,9677117262,364,
2026-10-10T00:43:55Z,7005891584,2033,
2026-10-10T00:43:55Z,8869088870,2275,
2026-10-10T00:43:55Z,10091766471,1754,
2026-10-10T00:43:55Z,6136243726,3121,
2026-10-10T00:43:55Z,9522015993,1687,
2026-10-10T00:43:55Z,6049736902,1855,
2026-10-10T00:43:55Z,10335443723,941,
2026-10-10T00:43:55Z,10766439439,428,
2026-10-10T00:43:55Z,10766004084,3087,
2026-10-10T00:43:55Z,10589881655,3002,
2026-10-10T00:43:55Z,10765635650,4001,
2026-10-10T00:43:55Z,10766812244,954,
2026-10-10T00:43:55Z,10030829154,2277,
2026-10-10T00:43:55Z,10682172994,1647,
2026-10-10T00:43:55Z,10247797619,1569,
2026-10-10T00:43:55Z,10473810300,1156,
2026-10-10T00:43:55Z,10171730665,722,
2026-10-10T00:43:55Z,10351850295,1402,
2026-10-10T00:43:55Z,10765716033,1374,
2026-10-10T00:43:55Z,5039839070,13501,
2026-10-10T00:43:55Z,10751572992,355,
2026-10-10T00:43:55Z,10212081143,831,
2026-10-10T00:43:55Z,3310460039,13298,
2026-10-10T00:43:55Z,10737256446,801,
2026-10-10T00:43:55Z,9830725726,3459,
2026-10-10T00:43:55Z,6940206974,1426,
2026-10-10T00:43:55Z,8271581262,2135,
2026-10-10T00:43:55Z,10765626707,50,
2026-10-10T00:43:55Z,6688157118,2670,
2026-10-10T00:43:55Z,6594435384,4705,
2026-10-10T00:43:55Z,9811924734,91,
2026-10-10T00:43:55Z,9145063979,7305,
2026-10-10T00:43:55Z,1359573625,3784,
2026-10-10T00:43:55Z,4452297356,8317,
2026-10-10T00:43:55Z,4924789901,4568,
2026-10-10T00:43:55Z,5633615594,1023,
2026-10-10T00:43:55Z,5903289376,1168,
2026-10-10T00:43:55Z,6343995637,2713,
2026-10-10T00:43:55Z,6690355795,1079,
2026-10-10T00:43:55Z,7182318649,1459,
2026-10-10T00:43:55Z,7447878628,629,
2026-10-10T00:43:55Z,7497471789,4592,
2026-10-10T00:43:55Z,7911332924,1633,
2026-10-10T00:43:55Z,7917550094,3389,
2026-10-10T00:43:55Z,8307114974,8922,
2026-10-10T00:43:55Z,8887067988,514,
2026-10-10T00:43:55Z,9199655655,9910,
2026-10-10T00:43:55Z,9840483947,1319,
2026-10-10T00:43:55Z,10064401653,425,
2026-10-10T00:43:55Z,10420832668,501,
2026-10-10T00:43:55Z,10428418645,3249,
2026-10-10T00:43:55Z,10440499034,1547,
2026-10-10T00:43:55Z,10558880394,4911,
2026-10-10T00:43:55Z,10766578375,8516,
